address,Business,Damage,pid
1010 Lake St E,Family Dollar,Destroyed,35-029-24-34-0138
102 LAKE ST E,Atlas Staffing,Destroyed,34-029-24-43-0037
106 LAKE ST E,Express Payday Loans,Destroyed,34-029-24-43-0036
108 Lake St E,CFSC New Money Express,Destroyed,3402924430036
110 31ST ST E,U.S. Post Office,Destroyed,03-028-24-12-0147
112 Lake St E,Quality Tobacco,Destroyed,34-029-24-43-0035
1625 WEST BROADWAY,O'Reilly Auto Parts,Destroyed,1602924240166
2116 LAKE ST E,7 Mile Fashion,Destroyed,3602924340074
2117 W Broadway Ave,Olympic Cafe,Destroyed,1602924220182
2208 LAKE ST E,Home Choice,Destroyed,3602924340074
2210 LAKE ST E,H&R Block,Destroyed,3602924340074
2210 Lake St E,Physicians Group,Destroyed,3602924340074
2322 WASHINGTON AVE N,Holiday,Destroyed,15-029-24-21-0019
2415 WEST BROADWAY,Fade Factory Barber Shop,Destroyed,28-118-21-21-0006
2600 27TH AVE S,Hexagon bar,Destroyed,36-029-24-42-0040
2610 LAKE ST E,Auto zone,Destroyed,36-029-24-43-0060
2613 LAKE ST E,Minnehaha Lake Wine Spirits,Destroyed,01-028-24-12-0097
2616 29TH ST E,Random Warehouse Mixed Use,Destroyed,36-029-24-43-0042
2619 LAKE ST E,GM Tobacco,Destroyed,01-028-24-12-0100
2621 LAKE ST E,Shoff Chiropractic,Destroyed,01-028-24-12-0099
2637 27TH AVE S,Ivy building for the arts,Destroyed,3602924420032
2709 LAKE ST E,Paraiso Lounge,Destroyed,01-028-24-12-0096
2709 LAKE ST E,Town Talk Diner & Gastro Pub,Destroyed,01-028-24-12-0096
2726 LAKE ST E,Max it Pawn,Destroyed,36-029-24-44-0187
2801 26TH AVE S,Dominos,Destroyed,36-029-24-43-0048
2815 LAKE ST E,Metro by T-Mobile,Destroyed,01-028-24-11-0112
2843 26TH AVE S,7 Sigma,Destroyed,36-029-24-43-0036
2864 CHICAGO AVE,Uncle Hugo's and Uncle Edgar's Bookstore,Destroyed,35-029-24-33-0035
2906 CHICAGO AVE,Popeyes chicken,Destroyed,35-029-24-33-0124
2930 CHICAGO AVE,Seafood to Go,Destroyed,35-029-24-33-0106
2931 26TH AVE S,Wendy's,Destroyed,36-029-24-43-0103
2932 CHICAGO AVE,Bling-Bling Beauty Supply,Destroyed,35-029-24-33-0107
2935 CHICAGO AVE,Cricket Wireless,Destroyed,3502924340134
2949 CHICAGO AVE,Midtown Safety Center,Destroyed,3502924340042
2955 CHICAGO AVE,Midtwon Eye Care,Destroyed,3502924340126
3000 SNELLING AVE,Arby’s,Destroyed,01-028-24-12-0114
3003 27th Ave S Ste 400,La Raza,Destroyed,102824120096
3003 27th Ave S Ste 400,Santamaria Broadcasting,Destroyed,102824120096
3003 27th Ave S Ste 400,Sonoma Enterprises,Destroyed,102824120096
3009 27TH AVE S,MSR 27th Ave LLC,Destroyed,01-028-24-12-0095
3030 NICOLLET AVE,Wells Fargo,Destroyed,03-028-24-21-0134
3043 Nicollet Ave,Subway,Destroyed,302824120162
3121 LAKE ST E,Walgreens,Destroyed,06-028-23-22-0164
3536 NICOLLET AVE,Family Dollar,Destroyed,03-028-24-31-0170
3536 NICOLLET AVE,O'Reilly Auto Parts,Destroyed,03-028-24-31-0170
3759 PENN AVE N,Smart Stop,Destroyed,05-029-24-44-0107
4601 HIAWATHA AVE,Holiday station store,Destroyed,18-028-23-12-0084
640 LAKE ST E,Shell Station,Destroyed,35-029-24-33-0151
713 LAKE ST E,LEVELS MPLS,Destroyed,02-028-24-22-0191
714 LAKE ST E,O'Reilly Auto Parts,Destroyed,35-029-24-33-0097
801 LAKE ST W,Speedway,Destroyed,04-028-24-11-0183
815 CEDAR AVE S,Go Puff,Destroyed,25-029-24-33-0159
815 CEDAR AVE S,Max It Pawn,Destroyed,25-029-24-33-0159
815 CEDAR AVE S,Midnight Cycle and Speed,Destroyed,25-029-24-33-0159
919 LAKE ST E,US Bank,Destroyed,02-028-24-21-0197
921 WEST BROADWAY,Flora's Hair Design,Destroyed,1602924140196
923 WEST BROADWAY,Olympic Cafe,Destroyed,1602924140196
1010 LAKE ST E #TRACT L,Family Dollar,Severe,35-029-24-34-0138
200 LAKE ST W,Walgreens,Severe, 34-029-24-34-0258
2124 LAKE ST E,Hi Lake Shopping Center,Severe,3602924340074
2136 LAKE ST E,Dollar General,Severe,3602924340074
224 LAKE ST W,Master Collision,Severe,34-029-24-34-0293
2500 LAKE ST E,Target,Severe,36-029-24-43-0084
2650 Wells Fargo Way,Wells Fargo,Severe,3602924430060
2700 LAKE ST E,Hennepin Healthcare East,Severe,32-029-24-43-0041
2700 LAKE ST E,Guzior Armbrecht Maher,Severe,32-029-24-43-0041
2700 LAKE ST E,Denny's,Severe,32-029-24-43-0041
2700 LAKE ST E,Coliseum,Severe,32-029-24-43-0041
2700 LAKE ST E #1300,NULL,Severe,32-029-24-43-0041
2716 LAKE ST E,Office Building,Severe,36-029-24-43-0090
2740 MINNEHAHA AVE #100,GM Tobacco,Severe,3602924340153
2800 LAKE ST E,US Bank,Severe,36-029-24-44-0192
2801 LYNDALE AVE S,Marathon gas station,Severe,34-029-24-33-0176
2858 26TH AVE S,Dollar Tree,Severe,3602924430093
2872 26TH AVE S,Minnesota Transitions Charter School,Severe,3602924430093
2900 CHICAGO AVE,Chicago lake dentist,Severe,3502924330193
2912 28TH AVE S,Construction for Apartments,Severe,3602924430100
2928 CHICAGO AVE,U7- nails,Severe,35-029-24-33-0105
3000 MINNEHAHA AVE,MPD 3rd Precinct,Severe,01-028-24-12-0129
3017 27TH AVE S,Migizi,Severe,01-028-24-12-0093
3031 NICOLLET AVE,Subway,Severe,03-028-24-12-0162
3037 27TH AVE S,United Stares Post Office,Severe,01-028-24-12-0104
4740 CEDAR AVE S,Speedway,Severe,14-028-24-11-0088
5428 LYNDALE AVE S,Walgreens,Severe,21-028-24-11-0211
610 LAKE ST E,Good year,Severe,35-029-24-33-0163
800 LAKE ST E,T-Mobile,Severe,06-117-22-42-0042
804 LAKE ST E,Urban 29,Severe,3602924430104
810 LAKE ST E,Footlocker,Severe,35-029-24-34-0126
2833 HENNEPIN AVE,Tobacco / Tibet Store,Medium,3302924430039
2218 LAKE ST E,Little Caesars,Medium,3602924340074
620 LAKE ST E,Erik’s auto,Medium,3502924330152
2740 MINNEHAHA AVE #140,K Nails and Spa,Medium,3602924340152
1300 LAKE ST W,Target,Medium,3502924430022
3031 NICOLLET AVE,Dollar store,Medium,302824120162
2106 LAKE ST E,CitiTrends,Medium,3602924340074
3031 NICOLLET AVE,Stop n shop,Medium,302824120162
Nicollet and 46th,Tobacco shop,Medium,
3031 NICOLLET AVE,Nails and laundry mat,Medium,302824120162
1542 LAKE ST E,T mobile,Medium,3502924440206
721 LAKE ST E,Comunidades latinas servicio,Medium,202824220201
2872 26TH AVE S,2872 26th Ave S,Medium,3602924430093
2740 MINNEHAHA AVE #120,Sally Beauty,Medium,3602924340152
2901 27TH AVE S,Schooner Tavern,Medium,3602924430082
2130 Lake St E Unit E,Hi Lake Liquor,Medium,3602924340074
2445 BLOOMINGTON AVE,Speedway,Medium,3502924140071
117 LAKE ST W,NULL,Medium,302824210079
1010 LAKE ST W,CVS pharmacy,Medium,3302924440133
4547 HIAWATHA AVE,Walgreens,Medium,702823340142
115 LAKE ST E,Nail and skin care,Medium,302824120148
704 LAKE ST E,Icc wireless,Medium,3502924330092
1311 LAKE ST E,Lupita,Medium,202824120025
2852 26TH AVE S #10,Planet Fitness,Medium,3602924430088
2130 Lake St Suite A,,Medium,3602924340074
2850 26TH AVE S,Cub,Medium,3602924430088
2501 HENNEPIN AVE,Speedway,Medium,3302924130013
2929 27th Ave N,Aldi,Medium,3602924430104
111 LAKE ST E,Haha hi buffet,Medium,302824120146
106 3RD ST N,,Medium,2202924410057
2130 LAKE ST E,Pineda Tacos,Medium,3602924340074
2872 26TH AVE S,MTS Secondary,Medium,3602924430093
2112 LAKE ST E,HD Laundry,Medium,3602924340074
320 LAKE ST E,BMO Harris Bank,Medium,3402924440212
2216 LAKE ST E,Teppanyaki Grill,Medium,3602924340074
2941 30TH AVE S,A auto mall,Medium,3602924440197
919 LAKE ST E,Mid town exchange,Medium,202824210197
1 LAKE ST E,Office store,Medium,302824120161
2743 26TH AVE S,Shubert and Hoey Advertizing,Medium,3602924420018
2925 27th Ave,Quruxley,Medium,3602924430104
5428 LYNDALE AVE S,Walgreens,Medium,2102824110211
2740 MINNEHAHA AVE,Total Post Plus,Medium,3602924340152
2204 LAKE ST E,No name Retail Space,Medium,3602924340074
2144 44TH AVE N,"Boost Mobile, UHAUL, Tom's barber shop, Mail box solutions",Medium,1411821120072
10 LAKE ST W,Kmart,Medium,3402924430141
2856 26TH AVE S,Twin City Laundromat,Medium,3602924430093
2912 28TH AVE S,Universal Academy,Medium,3602924430104
825 LAKE ST E,Chicago lake liquor,Medium,202824210076
2740 MINNEHAHA AVE,1st Cup Cafe,Medium,3602924340152
2001 NICOLLET AVE,CVS pharmacy,Medium,3402924120180
3018 HENNEPIN AVE,Apple,Medium,402824210006
2130 LAKE ST E,J Klips,Medium,3602924340074
3648 NICOLLET AVE,,Medium,302824340017
3008 COLFAX AVE S,NULL,Medium,402824110089
2715 26TH ST E,Annex,Medium,3602924410104
349 East Lake Rd,Yusof Center,Medium,
30 7TH ST S,Marriott,Minor,
2410 38TH ST E,,Minor,
818 WEST BROADWAY,Burger King,Minor,
2425 WEST BROADWAY,5 Corners Market,Minor,
3402 CEDAR AVE S,Mirror Lab Studios,Minor,
1417 LAKE ST E,Super mercado,Minor,
4200 LAKE ST E,Northwest Graphic Supply,Minor,
2606 PENN AVE N,Penn Gas Stop,Minor,
4059 CHICAGO AVE,Qi House,Minor,
4251 NICOLLET AVE,Fun Sisters,Minor,
1014 2ND AVE S,Hilton,Minor,
1518 LAKE ST E,Mexicans Grocery,Minor,
610 LAKE ST E,Good Year,Minor,
3743 CEDAR AVE S,Five Element,Minor,
3744 CHICAGO AVE,Speedway,Minor,
45 7TH ST S #TRACT X,Candyland,Minor,
507 LAKE ST E,NULL,Minor,
3045 HENNEPIN AVE,CB 2,Minor,
2402 38TH ST E,Tom thumb,Minor,
81 9TH ST S #150,The News Room,Minor,
323 LAKE ST W,Uptown Pizza,Minor,
2207 LOWRY AVE N,The Lowry Cafe,Minor,
113 GRANT ST W,Greenway Liquors,Minor,
2920 CHICAGO AVE,Rest hair and nails,Minor,
3008 LYNDALE AVE S,Smitten Kitten / Caffreyâ€™s Cafe,Minor,
4001 LAKE ST E,Starr Automotive,Minor,
3219 PENN AVE N,Union Liquor Store,Minor,
3458 MINNEHAHA AVE,Reverb piano services,Minor,
3521 LAKE ST E,IUE-CWA union office,Minor,
611 LAKE ST W,Tweak the glam studio,Minor,
1830 FRANKLIN AVE E,Pourle Industries,Minor,
120 LAKE ST W,NULL,Minor,
2932 34TH AVE S,NA,Minor,
624 LAKE ST E,Adult Day center,Minor,
3024 SNELLING AVE,Allina Health,Minor,
3015 15th,Christ church,Minor,
1831 NICOLLET AVE,Boost mobile,Minor,
1703 LAKE ST E,Pasteleria Gama,Minor,
800 LASALLE AVE #213,,Minor,
198 ALDRICH AVE N,NULL,Minor,
4253 NICOLLET AVE,Restyle,Minor,
321 LAKE ST W,Paul’s Salon,Minor,
1111 HENNEPIN AVE,,Minor,
1515 GLENWOOD AVE,Vacant,Minor,
3060 EXCELSIOR BLVD,Wholefoods,Minor,
103 LAKE ST W,New horizon Day care,Minor,
3447 CEDAR AVE S,Brothers electric,Minor,
1607 HENNEPIN AVE,A & be bridal shop,Minor,
2019 EMERSON AVE N,a dave's lock and safe,Minor,
515 LAKE ST W,Progressive insurance,Minor,
611 LAKE ST W,Vida body works,Minor,
816 38TH ST E,H8P Customs,Minor,
West of Cub Foods,Bus Stop,Minor,
1400 NICOLLET AVE,,Minor,
213 9TH ST S,,Minor,
4604 MINNEHAHA AVE,Falls liquor store,Minor,
2748 HENNEPIN AVE,None,Minor,
2741 HENNEPIN AVE,Ace Hardware / My Sisterâ€™s Closet,Minor,
430 OAK GROVE ST,,Minor,
2543 NICOLLET AVE,,Minor,
3208 LAKE ST E,Car wash (no sign),Minor,
1604 LAKE ST E,Salvation army,Minor,
2451 NICOLLET AVE,Lucky jeweler and spy house coffee,Minor,
627 WEST BROADWAY,Walgreens,Minor,
2112 HENNEPIN AVE,The Lowry,Minor,
3115 PENN AVE N,Martial Arts,Minor,
4563 34TH AVE S,Bulls Horn,Minor,
4141 LYNDALE AVE N,Wells Fargo,Minor,
1 26TH ST E,Black Forest inn,Minor,
2601 LYNDALE AVE S,Aldi,Minor,
3404 CEDAR AVE S,Flamingos,Minor,
25 26TH ST E,Prodigal public house,Minor,
2831 12TH AVE S,?,Minor,
2933 LYNDALE AVE S,Muddy s water bar,Minor,
1001 NICOLLET MALL,,Minor,
1210 GLENWOOD AVE,Link,Minor,
3016 LAKE ST E,urban Forage winery,Minor,
3605 LAKE ST E,Crowned Diva hair salon,Minor,
812 38TH ST E,Twins barber,Minor,
902 WEST BROADWAY,"Litlle Ceasers, JJ fish and chicken",Minor,
1000 WEST BROADWAY,"Broadway Family Medicine, Beauty Supply, Yuan Yuan Restaraunt",Minor,
1512 como ave se,Blue Door,Minor,
1227 HENNEPIN AVE #4-C,Eliâ€™s Food & Cocktail,Minor,
2226 LAKE ST E,2226 Lake St E,Minor,
1204 LAKE ST E,Hayat,Minor,
,,Minor,
505 LAKE ST E,NULL,Minor,
2520 MINNEHAHA AVE,Lincoln School,Minor,
3542 LAKE ST E,House of Sleep store,Minor,
601 LAKE ST E,Midas,Minor,
3759 CHICAGO AVE,T mobile,Minor,
1103 LAKE ST W,Tires Plus,Minor,
3021 LAKE ST E,CarX Auto Service.,Minor,
216 7TH ST S,,Minor,
612 27TH ST E,Annaâ€™s salon,Minor,
1831 NICOLLET AVE,Tibet Kitchen Bar and Restaurant,Minor,
,Orpheum,Minor,
3730 CHICAGO AVE,Menswear market,Minor,
3104 SNELLING AVE,Boker’s Stamping,Minor,
906 HENNEPIN AVE,NULL,Minor,
2602 BLOOMINGTON AVE,Fabulous,Minor,
2015 LOWRY AVE N,New Rules - Shared workspace and Events Venue,Minor,
2602 BLOOMINGTON AVE,Empty,Minor,
3311 25TH ST E,Birchwood Cafe,Minor,
2555 EMERSON AVE S,,Minor,
3101 HENNEPIN AVE,Bridgewater Bank,Minor,
1120 WEST BROADWAY,Broadway Marathon Gas station,Minor,
9 FRANKLIN AVE W #201,Jimmy Johns,Minor,
1116 NICOLLET MALL,Atventure toynaround,Minor,
3448 42ND AVE S,Blue Door Pub Longfellow,Minor,
3258 MINNEHAHA AVE,Art studio,Minor,
400 WEST BROADWAY,Friedmans department STore,Minor,
1414 28TH ST W,The UPS Store & KinhDo restaurant,Minor,
3801 MINNEHAHA AVE,Super USA,Minor,
2122 WEST BROADWAY,The shop cloting,Minor,
2431 HENNEPIN AVE,New Horizonsâ€™s Academy,Minor,
4121 LAKE ST E,Family and Childrenâ€™s Clinic,Minor,
2448 HENNEPIN AVE,Holiday Station,Minor,
811 LASALLE AVE #203,The Gardner School,Minor,
3028 HENNEPIN AVE,Penzeys Spices,Minor,
3403 CEDAR AVE S,Hay ford auto,Minor,
1229 LAKE ST E,Comfort Services,Minor,
101 GRANT ST E,Substance Church,Minor,
811 LAKE ST E,NULL,Minor,
2608 BLOOMINGTON AVE,Abraham Auto,Minor,
3032 MINNEHAHA AVE,Arbeiter Brewing Co,Minor,
4154 FREMONT AVE N,,Minor,
1070 NICOLLET MALL,Devils Advocate,Minor,
2905 LAKE ST E,O’Reilly Auto Parts,Minor,
2711 FRANKLIN AVE E,Gargar Clinic & Urgent Care,Minor,
4031 26TH AVE S,,Minor,
3040 HENNEPIN AVE,Paper Source / Eyedeals / Salon Levant,Minor,
Park ave bridge over greenway,NULL,Minor,
524 5TH ST N,5th St Station,Minor,
1601 CEDAR LAKE PKWY,Ingebrestens,Minor,
1368 LASALLE AVE,Yoga fit,Minor,
1001 3RD AVE S,Sleep Number,Minor,
1600 LAKE ST E,NULL,Minor,
4250 NICOLLET AVE,United standards lab inc,Minor,
4559 34TH AVE S,Sena,Minor,
1106 LAKE ST E,Furniture city,Minor,
721 LAKE ST E,Career force,Minor,
1420 DOWLING AVE N,Year round outdoor adventure,Minor,
2006 WASHINGTON AVE N,Pappy's,Minor,
,Public Park bench,Minor,
1925 LYNDALE AVE S,Vacant,Minor,
1532 35TH ST E,Sams market and meats,Minor,
1117 MARQUETTE AVE #714,Bolero Flats,Minor,
2605 NICOLLET AVE,Glam doll,Minor,
2639 NICOLLET AVE,Kimâ€™s jewelry,Minor,
901 HENNEPIN AVE,Mercy,Minor,
3800 42ND AVE S,Riverview Theater,Minor,
601 NICOLLET MALL,Walgreens,Minor,
1112 LOWRY AVE N,Boost,Minor,
2603 BLOOMINGTON AVE,"Multiple Businesses—childcare, cellular store, adult day care",Minor,
2749 NICOLLET AVE,Green repair auto shop,Minor,
80 9TH ST S,The Melting Pot,Minor,
2124 FRANKLIN AVE E,Holiday,Minor,
4325 NICOLLET AVE,Carter health and up yoga,Minor,
608 2ND AVE S,Northstar Center,Minor,
222 9TH ST S,Campbell Mithun Tower,Minor,
4330 NICOLLET AVE,House Lift Remodeler,Minor,
3305 LAKE ST E,Soderbergs flowers,Minor,
2639 NICOLLET AVE,Chears Hearing aid,Minor,
416 LAKE ST E,Storage facility,Minor,
105 GRANT ST W,Rainbow Road,Minor,
4301 NICOLLET AVE,Apoy,Minor,
2901 LYNDALE AVE S,Lagos Tacos,Minor,
813 NICOLLET MALL,Panera,Minor,
3401 PENN AVE N,Greenway Homes Realty,Minor,
334 LAKE ST E,Brute Dental,Minor,
2510 NICOLLET AVE,Phuoc loc tho jeweler,Minor,
1238 LAKE ST E,Quarefoil Library,Minor,
4553 34TH AVE S,Freshly cut,Minor,
4000 LAKE ST E,El Norteno Mexican restaurant,Minor,
2833 13TH AVE S,Super Deli and Coffee Somali Market,Minor,
1315 12TH AVE N,Oluâ€™s Beginnings,Minor,
2403 LYNDALE AVE S,Clinche,Minor,
3701 Hiawatha ave s,Flair fountains,Minor,
1701 LAKE ST E,Dome nails,Minor,
4500 NICOLLET AVE,Hawkins Automotive,Minor,
3050 LAKE ST W #B,Metro PCS,Minor,
901 HENNEPIN AVE,The Gallery,Minor,
2124 WEST BROADWAY,TMJ Nails,Minor,
1635 HENNEPIN AVE,Four Seasons Dance Studio,Minor,
4157 CEDAR AVE S,Hamburgesas El Gordo,Minor,
4009 LAKE ST E,Studio MPLS graphic design,Minor,
2224 35TH ST E,Punk Rawk Labs,Minor,
2001 LYNDALE AVE S,Mortimers Bar,Minor,
4201 Lyndale Ave n,Joy luck,Minor,
4563 34TH AVE S,Bull horn,Minor,
3058 EXCELSIOR BLVD,MGM Wine & Spirits,Minor,
1830 38TH ST E,Duck duck coffee,Minor,
87 10TH ST S,The cpg,Minor,
710 LOWRY AVE N,A-sign printing,Minor,
4453 NICOLLET AVE,Locus Architecture,Minor,
3015 CHICAGO AVE,Laundrymat,Minor,
,Boost mobile,Minor,
3101 MINNEHAHA AVE,Elite Cleaners,Minor,
2415 NICOLLET AVE,,Minor,
733 MARQUETTE AVE,Sir Speedy,Minor,
501 LAKE ST E,NULL,Minor,
2700 UNIVERSITY AVE SE,Metro Petro,Minor,
706 2ND AVE S #227,Baker Building,Minor,
2211 LOWRY AVE N,Metro Check Cashing,Minor,
930 HENNEPIN AVE,,Minor,
3228 LAKE ST E,Precision Tune Auto Care,Minor,
651 NICOLLET MALL,Gaviidae Common,Minor,
1108 LAKE ST E,Michaels Apparel,Minor,
3207 37TH AVE S,Epworth UMC,Minor,
2715 WEST BROADWAY,Pair of  Dice Pizza,Minor,
2830 CEDAR AVE S,Childcare Center,Minor,
4237 NICOLLET AVE,Odds and Ends,Minor,
4222 LAKE ST E,American Rug Laundry.,Minor,
2125 GLENWOOD AVE,Penn-Wood Market,Minor,
1030 WEST BROADWAY,US Bank,Minor,
45 7TH ST S,Fire Lake Grill House & Cocktail Bar,Minor,
3044 PILLSBURY AVE,NULL,Minor,
3701 CHICAGO AVE,Millennium auto service,Minor,
2700 HENNEPIN AVE,Giordannos,Minor,
1428 NICOLLET AVE,The Nicollet Diner,Minor,
3201 SNELLING AVE,Blackmore Mfg,Minor,
3624 LAKE ST E,Family Dentistry,Minor,
1508 WEST BROADWAY,UnBank Check Cashing,Minor,
800 LASALLE AVE,890 lasalle,Minor,
3100 EXCELSIOR BLVD,My burger,Minor,
1831 NICOLLET AVE,Caring medical distributors,Minor,
5025 34TH AVE S,Oxendales Market,Minor,
3016 HENNEPIN AVE,Salons by JC,Minor,
4505 NICOLLET AVE,GeeTeez,Minor,
40 7TH ST S,Fhimaâ€™s Minneapolis,Minor,
332 LAKE ST E,ISA tattoos,Minor,
4452 NICOLLET AVE,N/a,Minor,
3652 CEDAR AVE S,Mei Hua Laundry,Minor,
200 WASHINGTON AVE N,,Minor,
4601 SNELLING AVE,Cub foods,Minor,
3932 CEDAR AVE S,Acanthus floral art,Minor,
401 LAKE ST W,NULL,Minor,
4737 HIAWATHA AVE,USA smoke shop and cigar,Minor,
109 7TH ST S,J&D Dental,Minor,
2743 NICOLLET AVE,Salon mai hoa,Minor,
2608 BLOOMINGTON AVE,Five Star Market,Minor,
2024 LYNDALE AVE N,Salvation Army,Minor,
2817 LYNDALE AVE S,Trustone financial,Minor,
2400 10TH AVE S,Skyline Market,Minor,
1368 LASALLE AVE,Eggys Minneapolis Diner,Minor,
4307 SHERIDAN AVE N,Linden hills jewelry,Minor,
2700 LYNDALE AVE S,Fire and Nice,Minor,
201 LAKE ST W,Minnesota Food Grocery,Minor,
3800 ELLIOT AVE,,Minor,
80 8TH ST S,IDS Tower,Minor,
3342 NICOLLET AVE,Burger King,Minor,
600 LAKE ST E,Rapid oil change,Minor,
2500 27TH AVE S,SKOL Liquor Store,Minor,
818 LAKE ST E,Handing Restaurant,Minor,
1200 NICOLLET MALL,,Minor,
17 26TH ST E,Little Tijuana,Minor,
600 NICOLLET MALL,Marshalls,Minor,
5201 BRYANT AVE N,No signs,Minor,
4400 NICOLLET AVE,Northrup roofing and remodeling work,Minor,
3555 CHICAGO AVE,Pie & Mighty,Minor,
2643 NICOLLET AVE,Daalo Grill,Minor,
3110 LAKE ST E,McDonalds,Minor,
4800 CHICAGO AVE,Pizza hut,Minor,
3807 FREMONT AVE N,Super USA,Minor,
524 5TH ST N,Be The Match,Minor,
5219 MINNEHAHA AVE,Metro Motors,Minor,
404 LAKE ST W,Liquor store,Minor,
2228 LAKE ST E #A,TwinCare Dental,Minor,
,Subway,Minor,
311 LAKE ST W,Willo coffee,Minor,
705 42ND AVE N,"Metro PCS, clientele barber, vintage nail shop, ",Minor,
645 HENNEPIN AVE,Fogo de Chao,Minor,
212 7TH ST S,Dan Kellyâ€™s Pub,Minor,
3012 27TH AVE S,Wilson’s Law Group,Minor,
2619 BLOOMINGTON AVE,N/a,Minor,
2237 38TH ST E,Womenâ€™s Workshop,Minor,
3601 LAKE ST E,Merlins Rest,Minor,
2227 35TH ST E,,Minor,
607 LAKE ST W,Dulonos pizza,Minor,
5200 34TH AVE S,Twin Cities Home Rental/Twin Cities Builders/1 Source Realty,Minor,
731 HENNEPIN AVE,Union,Minor,
1100 NICOLLET MALL,Caribou coffee and Einstein bagels,Minor,
3731 CHICAGO AVE,Just Turkey,Minor,
3014 UNIVERSITY AVE SE,WF Bank,Minor,
5415 LYNDALE AVE S,Auto zone,Minor,
3320 54TH ST E,Brushed monkey,Minor,
1418 LAKE ST E,Qaribuni Coffee,Minor,
3700 BRYANT AVE N,21st century,Minor,
2615 BLOOMINGTON AVE,?,Minor,
1833 38TH ST E,Everetts Food,Minor,
4151 FREMONT AVE N,Camden Market,Minor,
3900 LAKE ST E,Peppers and Fries,Minor,
913 CEDAR AVE S,The caboose and The Joint,Minor,
800 1/2 MARQUETTE AVE,RSM Plaza,Minor,
2927 LAKE ST E,Halwo Kismayo Bakery,Minor,
3100 LYNDALE AVE N,Bangkok Market,Minor,
3500 BLOOMINGTON AVE,Lakes area Realty,Minor,
3601 CHICAGO AVE,,Minor,
3242 LAKE ST W,Sprint,Minor,
2217 LYNDALE AVE S,Tattoo Shop,Minor,
225 6TH ST S,Capella Tower,Minor,
2833 LYNDALE AVE S,The Murals of Lyn Lake,Minor,
2648 WEST BROADWAY,Lao America,Minor,
3741 CHICAGO AVE,,Minor,
,Target HQ,Minor,
2720 UNIVERSITY AVE SE,Vacant space next to State Farm Ins.,Minor,
2645 HENNEPIN AVE,Saint Sabrinaâ€™s,Minor,
3343 COLFAX AVE N,,Minor,
1600 LAKE ST W,Barbette,Minor,
3333 LAKE ST E,NAPA,Minor,
2221 WEST BROADWAY,El Amin's fish house,Minor,
1526 LAKE ST E,Taqueria birrieria,Minor,
2100 HENNEPIN AVE,Billboard facing Hennepin,Minor,
505 LAKE ST W,Sherwin Williams,Minor,
2200 LYNDALE AVE S,Speedway,Minor,
81 8TH ST S,,Minor,
2620 NICOLLET AVE,Trams hairstyling,Minor,
3335 COLFAX AVE N,,Minor,
3320 54TH ST E,Book Trader & Curiousity Shop,Minor,
4601 LYNDALE AVE N,Camden Tavern & Grill,Minor,
5010 34TH AVE S,McDonalds Liquors,Minor,
1000 CURRIE AVE W,,Minor,
,Truong thanh,Minor,
4751 CHICAGO AVE,Rue 48 Salon,Minor,
3332 COLFAX AVE S,,Minor,
3800 LAKE ST W,Speedway,Minor,
Glen wood and Newton,Rogers Market and Deli,Minor,
4300 LAKE ST E,Bungalow Club,Minor,
,Dakota,Minor,
3506 CHICAGO AVE,Frost beard studio,Minor,
84 10TH ST S,ps: Portu Sunberg,Minor,
2819 NICOLLET AVE,Spirit rock winery,Minor,
330 LAKE ST E,Pineda Taco,Minor,
8 43RD ST W,Offices,Minor,
1439 LAKE ST W,Burton,Minor,
2145 LOWRY AVE N,M & T beauty supply / American United Care PCA,Minor,
3000 HENNEPIN AVE,,Minor,
2800 CHICAGO AVE,NULL,Minor,
115 LAKE ST E,Chinese express,Minor,
300 6TH ST S,Hennepin County Government Center,Minor,
2540 NICOLLET AVE,,Minor,
3801 NICOLLET AVE,Boost Mobile,Minor,
1301 WEST BROADWAY,Popeyes Louisiana Kitchen,Minor,
3401 COLFAX AVE N,Detached garage,Minor,
90 7TH ST S,Wells Fargo Center,Minor,
4359 MINNEHAHA AVE,Parkway pizza,Minor,
1312 LAKE ST E,Na,Minor,
4611 LAKE ST E,Infinite Graphics,Minor,
2608 NICOLLET AVE,Peninsula,Minor,
3744 CEDAR AVE S,,Minor,
2639 NICOLLET AVE,Kimâ€™s jewelry,Minor,
3012 LYNDALE AVE S,Up Down,Minor,
4439 HIAWATHA AVE,Construction Business,Minor,
3131 MINNEHAHA AVE,Bradshaw funeral services,Minor,
2126 WEST BROADWAY,Dr L A Otieno Dentis,Minor,
2801 HENNEPIN AVE,Potbelly,Minor,
3701 CEDAR AVE S,Madinaâ€™s Automotive,Minor,
4509 34TH AVE S,Frame adelic,Minor,
3757 CEDAR AVE S,,Minor,
824 HENNEPIN AVE,Brave new workshop,Minor,
3616 LAKE ST E,Global Language Connections,Minor,
1910 1ST AVE S,,Minor,
3508 LAKE ST E,International Cuisine,Minor,
1407 NICOLLET AVE,MusicBox,Minor,
3258 MINNEHAHA AVE,Two Bettys Green Cleaning,Minor,
3207 LAKE ST E,Jardin academy,Minor,
4556 34TH AVE S,Lakes Landscape Service,Minor,
3405 LAKE ST E,Kennedy transmission,Minor,
513 LAKE ST E,El amor fashion,Minor,
207 9TH ST S,MinnMed,Minor,
3457 BLOOMINGTON AVE,K-9 kitty kutters,Minor,
3008 PENN AVE N,All washed up Laundromat,Minor,
3440 BLOOMINGTON AVE,Mayday Cafe,Minor,
814 HENNEPIN AVE,Infinity smokes,Minor,
Lake St & 19th Ave S,La Alborada,Minor,
3601 PENN AVE N,Quick Stop,Minor,
901 NICOLLET MALL,Haskellâ€™s the wine people,Minor,
3701 FREMONT AVE N,No sign,Minor,
2001 PLYMOUTH AVE N,UROC - UMN,Minor,
626 WEST BROADWAY,Winner Gas Station,Minor,
2840 27TH AVE S,2740 House,Minor,
116 26TH ST E,Richard construction,Minor,
3040 EXCELSIOR BLVD,Chipotle,Minor,
89 10TH ST S,Handicraft Building,Minor,
2609 BLOOMINGTON AVE,?,Minor,
2838 1ST AVE S,Laundry mat,Minor,
2910 PILLSBURY AVE,?,Minor,
1523 NICOLLET AVE,Micah House,Minor,
601 5TH ST N,Holiday,Minor,
2921 LYNDALE AVE S,Knox Rings,Minor,
3601 MINNEHAHA AVE,Apple Auto Repair,Minor,
3350 UNIVERSITY AVE SE,Vacant Bldg,Minor,
2917 LYNDALE AVE S,Galactic Pizza,Minor,
2130 LAKE ST E,Subway,Minor,
3022 HENNEPIN AVE,Granada Theater,Minor,
221 LAKE ST W,Hook Fish and Chicken,Minor,
3702 LAKE ST E,CAPI Building,Minor,
3301 HIAWATHA AVE,Moto Mart,Minor,
2735 NICOLLET AVE,Rainbow cafe,Minor,
2843 COLUMBUS AVE,Bridge,Minor,
2929 BLOOMINGTON AVE,Red lake nation Embassy,Minor,
1804 NICOLLET AVE,metro PCS,Minor,
4020 LAKE ST E,Hi-Lo Diner,Minor,
2507 FREMONT AVE N,Minnesota Internship Center Unity Campus,Minor,
2600 PARK AVE,Swedish institution,Minor,
2535 27TH AVE S,2535 27th Ave S,Minor,
405 LAKE ST E,NULL,Minor,
1304 LAKE ST E,New York Plaza,Minor,
1928 PORTLAND AVE,The rose,Minor,
3712 CEDAR AVE S,Top Gun crossfit,Minor,
3908 27TH AVE S,,Minor,
3805 CEDAR AVE S,Candy Jar,Minor,
3449 CEDAR AVE S,Corcoran Neighborhood,Minor,
2223 35TH ST E,"3 Businesses â€” Gigiâ€™s m, Nose Eye Vintage, Invisible Ceremony",Minor,
800 MARQUETTE AVE,8th st grill,Minor,
4740 MINNEHAHA AVE,dairy queen,Minor,
1850 38TH ST E,Ice cream & hot dogs,Minor,
2424 NICOLLET AVE,Metro  pcs,Minor,
1221 LAKE ST W,T-Mobile,Minor,
705 LAKE ST W,Bills Imported Foods,Minor,
2825 LAKE ST E,Volunteers of America,Minor,
520 LAKE ST E,Dukes auto repair,Minor,
2951 BLOOMINGTON AVE,Glorias beauty salon,Minor,
2750 CEDAR AVE S,NULL,Minor,
1830 GLENWOOD AVE,Metro PCS,Minor,
106 3RD AVE N,Martin Patricks,Minor,
2222 35TH ST E,Hair And Nails,Minor,
3718 CHICAGO AVE,Mill city autobody,Minor,
4751 CHICAGO AVE,Flowers,Minor,
1408 LAKE ST E,Plaza Verde,Minor,
3353 COLUMBUS AVE,Detached garage,Minor,
2016 FRANKLIN AVE E,Multi Unit Apartment Building,Minor,
2600 BLOOMINGTON AVE,Halal meat & grocery,Minor,
3555 CHICAGO AVE,Jakeenoâ€™s,Minor,
3507 23RD AVE S,Asaâ€™s bakery,Minor,
1831 NICOLLET AVE,Net supermarket,Minor,
,The jewelers,Minor,
3469 MINNEHAHA AVE,Longfellow Family Foods,Minor,
2651 LYNDALE AVE S,Bobs Java Hut,Minor,
3240 LAKE ST W,NULL,Minor,
2613 BLOOMINGTON AVE,?,Minor,
1537 GLENWOOD AVE,Vacant,Minor,
701 LAKE ST E,NULL,Minor,
201 LOWRY AVE NE,Little Jacks,Minor,
1001 HARMON PL,University of St. Thomas,Minor,
2929 UNIVERSITY AVE SE,Fresh Thyme farmers market,Minor,
3404 CEDAR AVE S,Flamingos,Minor,
130 DIAMOND LAKE RD W,NULL,Minor,
818 MARQUETTE AVE,Hells Kitchen,Minor,
1804 NICOLLET AVE,Family Dollar,Minor,
3446 CHICAGO AVE,ICLD,Minor,
3100 HENNEPIN AVE,Bridgewater Bank II,Minor,
4244 NICOLLET AVE,The lowbrow,Minor,
300 3RD ST S,Ricks,Minor,
3258 MINNEHAHA AVE,Trylon,Minor,
2228 35TH ST E,Paper hair salon,Minor,
900 NICOLLET MALL,Target,Minor,
3024 HENNEPIN AVE,Amazing Thailand,Minor,
921 1/2 MARQUETTE AVE,Enterprise rent a car,Minor,
30 7TH ST S,City center,Minor,
2450 NICOLLET AVE,Pho Hoa,Minor,
2717 LYNDALE AVE S,,Minor,
3559 LYNDALE AVE N,North side,Minor,
3333 CEDAR AVE S,Winners gas,Minor,
2407 LYNDALE AVE S,Encore Music,Minor,
1112 LAKE ST E,Super Latino,Minor,
2750 NICOLLET AVE,Bakery,Minor,
4155 CEDAR AVE S,Cedar inn,Minor,
800 NICOLLET MALL #270,Us Bancorp Center,Minor,
3753 42ND AVE S,Riverview Cafe,Minor,
3749 CHICAGO AVE,Chicago Avenue Fire Arts Center,Minor,
1434 31ST ST W,The Tasting Room,Minor,
,5740 28th ave,Minor,
917 LAKE ST W,UBREAKFIX,Minor,
4450 NICOLLET AVE,,Minor,
2727 LAKE ST E,Henn Cnty Public Library,Minor,
1167 7TH ST N,E and L,Minor,
2801 NICOLLET AVE,Nicollet market,Minor,
820 MARQUETTE AVE,Hibachi Daruma,Minor,
300 2ND ST S,,Minor,
1001 LAKE ST W,MattressFIRM,Minor,
2105 LYNDALE AVE S,The Wedge,Minor,
611 VAN WHITE MEMORIAL BLVD,Sumner Library,Minor,
626 LAKE ST W,It’s Greek to me,Minor,
3118 LAKE ST E,TCF Bank,Minor,
3200 2ND ST N,Burger King,Minor,
2520 26TH AVE S,Memory Lanes,Minor,
880 WASHINGTON AVE SE,CVS Pharmacy,Minor,
3232 LAKE ST W,European Wax Center,Minor,
4935 34TH AVE S,Nokomis Surplus,Minor,
2501 NORTH WAYZATA BLVD,Lurie,Minor,
330 12TH ST S,,Minor,
4215 LAKE ST E,Honda Town,Minor,
2651 CHICAGO AVE,"Abbott Hospital, ",Minor,
2102 WEST BROADWAY,Metro PCS,Minor,
3357 UNIVERSITY AVE SE,Speedway,Minor,
2515 UNIVERSITY AVE SE,Legendary Spice,Minor,
625 2ND AVE S,Entercom,Minor,
3700 34TH ST E,34th St Properties LLC,Minor,
1110 NICOLLET MALL,Brits Pub,Minor,
2611 BLOOMINGTON AVE,?,Minor,
3713 LAKE ST E,Donâ€™s Leather Cleaning,Minor,
1804 LAKE ST E,Autozone,Minor,
620 LAKE ST E,Eriks Auto,Minor,
,,Minor,
2841 LYNDALE AVE S,Kyoto Sushi,Minor,
4553 34TH AVE S,Sena,Minor,
1707 LAKE ST E,Essence,Minor,
2659 PENN AVE N,This is It Sports Barbershop,Minor,
501 5TH ST N,Caribou Coffee,Minor,
3220 LAKE ST W,Punch Pizza,Minor,
1029 WASHINGTON AVE S,Faribault woolen mill,Minor,
2020 FRANKLIN AVE E,Multi Unit Apartment Building,Minor,
918 HENNEPIN AVE,Mackenzie,Minor,
1509 NICOLLET AVE,Greatpes,Minor,
4103 LAKE ST E,West River Dental,Minor,
1200 HENNEPIN AVE,US Post Office,Minor,
3116 EMERSON AVE S,No signs,Minor,
324 9TH ST S,Impark,Minor,
310 LAKE ST W,Popeyes chicken,Minor,
2609 NICOLLET AVE,B.,Minor,
88 9TH ST S,Jimmy Johns,Minor,
4008 LAKE ST E,Gilda,Minor,
2800 1ST AVE S,Child care,Minor,
301 LAKE ST W,Uptown Pawn,Minor,
2801 NICOLLET AVE,Marhaba,Minor,
215 8TH ST S,St Olaf Catholic Church,Minor,
4610 LAKE ST E,"Dunn Bros Coffee, Corazon, and Longfellow Grille (all same property)",Minor,
2552 BLOOMINGTON AVE,Hair,Minor,
2015 LYNDALE AVE S,Modi apartment,Minor,
1121 LAKE ST W,Moxy,Minor,
2309 LYNDALE AVE S,Greenway Dental,Minor,
4171 LYNDALE AVE N,Mykonos,Minor,
2220 WEST BROADWAY,Broadway Liquor Outlet,Minor,
2229 35TH ST E,Chatterbox,Minor,
3550 CEDAR AVE S,Holiday,Minor,
2020 NICOLLET AVE,Mint property apartments,Minor,
2628 NICOLLET AVE,Christos  Greek,Minor,
112 3RD ST N,,Minor,
3013 27TH AVE S,NULL,Minor,
3308 CEDAR AVE S,La Morenita,Minor,
511 LAKE ST E,Hair salon,Minor,
5101 34TH AVE S,Speedway,Minor,
2515 NICOLLET AVE,Copper hen,Minor,
1204 LAKE ST E,?,Minor,
2224 LAKE ST E,ICC Wireless,Minor,
3511 MINNEHAHA AVE,Sandbergâ€™s import repair,Minor,
2745 BLOOMINGTON AVE,Yarborough print shop,Minor,
2800 26TH ST E,Cedar food & grill,Minor,
4556 34TH AVE S,Lakes landscaping,Minor,
800 NICOLLET MALL,Mens Warehouse,Minor,
1100 LAKE ST E,Center for Urban Service,Minor,
4553 34TH AVE S,Freshly cut,Minor,
1016 WASHINGTON AVE SE,Multiple restaurants along Huron (same building),Minor,
2110 LAKE ST E,Gorditas el Gordo,Minor,
1540 LAKE ST E,Star dragon,Minor,
3515 CHICAGO AVE,Full Cycle,Minor,
2220 LYNDALE AVE S,Galls,Minor,
826 LAKE ST E,T transit center terminals,Minor,
312 3RD ST S,,Minor,
2015 EMERSON AVE N,Urban Homeworks,Minor,
2600 NICOLLET AVE,Cheepo Records,Minor,
3333 LAKE ST E,Napa Auto Parts,Minor,
1001 WASHINGTON AVE S,Perscope,Minor,
4401 HIAWATHA AVE,Teddy rents,Minor,
403 LAKE ST W,NULL,Minor,
1110 WEST BROADWAY,unknown,Minor,
,Edible Arrangements,Minor,
400 3RD ST S,,Minor,
2840 CHICAGO AVE,Floral,Minor,
2707 LYNDALE AVE S,Flanders cycle,Minor,
1925 LYNDALE AVE S,Vacant,Minor,
3240 LAKE ST W,Walgreens,Minor,
1 LAKE ST W #G60,Vision world,Minor,
1715 LAKE ST W,CalSurf,Minor,
2815 NICOLLET AVE,Daycare,Minor,
1926 CHICAGO AVE,Juba pharmacy,Minor,
19 26TH ST E,Yoga studio,Minor,
2501 38TH ST E,Hennepin Overland Railway Historical Society,Minor,
4456 NICOLLET AVE,N/a,Minor,
3815 LAKE ST E,Longfellow Market,Minor,
3032 HENNEPIN AVE,See eyewear,Minor,
212 ONTARIO ST SE,Stadium Village Mall,Minor,
2931 LAKE ST E,Little Street Gifts and Oils,Minor,
1418 LAKE ST E,Quruxlow,Minor,
2716 31ST ST E,Glass Endeavors,Minor,
2951 LYNDALE AVE S,Jungle Theater,Minor,
3216 LAKE ST W,Barnes and Noble,Minor,
525 5TH ST N,Trax burger bar,Minor,
1130 NICOLLET MALL,YWCA,Minor,
3111 EMERSON AVE N,So Low grocery outlet,Minor,
3248 LAKE ST W,Fastframe,Minor,
4101 CHICAGO AVE,Moxie,Minor,
1505 LAKE ST W,Wells Fargo,Minor,
720 LAKE ST E,Comunidades latinas unidas en servico,Minor,
1613 LAKE ST E,NULL,Minor,
5937 NICOLLET AVE,Cub foods,Minor,
3038 E 35th Ave,Barr Webb Plumbing,Minor,
1223 42ND AVE N,The T Shoppe,Minor,
1201 HENNEPIN AVE,Lunds & Byerlys,Minor,
1720 GLENWOOD AVE,Mildaâ€™s Corner,Minor,
2301 38TH ST E,Dream haven books,Minor,
904 WEST BROADWAY,"Mc Donalds, giant wash, foot locker, family dollar",Minor,
3240 WASHINGTON AVE N,Rivera,Minor,
2629 LAKE ST E,Midori’s,Minor,
1530 LAKE ST E,Lake halal grocery store,Minor,
110 8TH ST S,Fast Signs,Minor,
3010 PENN AVE N,Family Dollar,Minor,
2941 BLOOMINGTON AVE,Halwo kismayo,Minor,
220 11TH ST S,Ambassador Operations Center,Minor,
825 MARQUETTE AVE #FOSHAY TOW,Mannyâ€™s Steakhouse,Minor,
2943 PARK AVE,Intermarco auto repair,Minor,
4305 UPTON AVE S,Heart of Tibet,Minor,
2124 COMO AVE SE,Como Tap,Minor,
2801 CHICAGO AVE,Penny George institute for health and healing,Minor,
2643 NICOLLET AVE,Tobacco shop,Minor,
2824 13TH AVE S,Abubakar as-saddique,Minor,
3462 MINNEHAHA AVE,Minnehaha business services,Minor,
1517 35TH ST E,Reverie,Minor,
3822 LAKE ST E,NA - Three commercial tenants in this building,Minor,
1100 WEST BROADWAY,Juxtaposition Arts,Minor,
,Kitchen Normandy Bar,Minor,
3500 MINNEHAHA AVE,Lowbrow saints tattoo,Minor,
825 HENNEPIN AVE,Rock Bottom Restaurant & Brewery,Minor,
315 LAKE ST E,Sabri Block,Minor,
1600 WEST BROADWAY,Mr. BBQ,Minor,
626 LOWRY AVE N,Lowry grocery,Minor,
3415 27TH ST E,Empire Glass,Minor,
18 26TH ST W,Eat street social,Minor,
5400 LYNDALE AVE S,Bp,Minor,
100 LAKE ST W,Whit castle,Minor,
2602 10TH AVE S,Fabulous coffee,Minor,
2501 LYNDALE AVE S,Loon Smoke Shop,Minor,
1113 FRANKLIN AVE E,Woodlands.National Bank,Minor,
1610 LAGOON AVE,Studio V,Minor,
501 WEST BROADWAY,Strip mall with various retailers,Minor,
2728 NICOLLET AVE,El nuevo mariachi,Minor,
3323 COLUMBUS AVE,,Minor,
600 5TH ST N,District 600,Minor,
3425 LAKE ST E,Subway,Minor,
2925 CHICAGO AVE,Midtown exchange,Minor,
3012 MINNEHAHA AVE,The Geek Love Cafe,Minor,
811 38th Avenues South,,Minor,
3301 COLFAX AVE N,Single family dwelling detached garage,Minor,
114 8TH ST S,Hen House Eatery,Minor,
315 DIAMOND LAKE RD W,Zizi Boutiques,Minor,
1410 NICOLLET AVE,Marquee,Minor,
2550 NICOLLET AVE,Black sheep pizza,Minor,
931 NICOLLET MALL,The Local,Minor,
2718 NICOLLET AVE #103,,Minor,
611 VAN WHITE MEMORIAL BLVD,Hennepin County Library,Minor,
801 NICOLLET MALL,801 Chop House,Minor,
3715 CHICAGO AVE,CTUL,Minor,
401 LAKE ST W,NULL,Minor,
1700 LAKE ST E,Stop shop,Minor,
80 8TH ST S,Roti Modern Mediterranean,Minor,
4401 LAKE ST E,Minneapolis Chiropractic,Minor,
2401 NICOLLET AVE,Harks food market,Minor,
1024 38TH ST E,Tiny Diner,Minor,
2551 LYNDALE AVE S,Nighngale,Minor,
1606 Bloomington avenue,NULL,Minor,
2710 NICOLLET AVE,Ichiddo Ramen,Minor,
3445 CEDAR AVE S,Blackbirdâ€™s music store,Minor,
,Jasmine,Minor,
,,Minor,
3749 CEDAR AVE S,Lucyâ€™s Market,Minor,
334 LAKE ST E,Los vaqueros de chinhuahua,Minor,
1401 38TH ST E,Urban touch barbers,Minor,
210 LAKE ST E,McDonalds,Minor,
3500 CEDAR AVE S,Mattâ€™s,Minor,
27 7TH ST S,Park and Shop,Minor,
3910 46TH ST E,,Minor,
2724 NICOLLET AVE,Leâ€™s Beauty salon,Minor,
2100 EMERSON AVE N,North Minneapolis Youth leadership,Minor,
3010 EAST MINNEHAHA PKWY,Hook and Ladder,Minor,
2401 LYNDALE AVE S,Misfits,Minor,
2601 49TH AVE N,Cinequipt,Minor,
2400 PENN AVE N,Gear 4 Less,Minor,
711 LAKE ST W,Venus Unveiled / Steamshop Gamea,Minor,
2328 38TH ST E,Action auto,Minor,
700 LAKE ST E,NULL,Minor,
3014 UNIVERSITY AVE SE,,Minor,
1501 LAKE ST E,Playa Los Lagos,Minor,
329 15TH ST W,Dunn Brothers Coffee,Minor,
3025-3027 Chicago,NULL,Minor,
1202 LAKE ST E,Hayat,Minor,
2549 LYNDALE AVE S,The Bulldog,Minor,
3455 BLOOMINGTON AVE,Sea wolf tattoo,Minor,
1905 3RD AVE S,3rd Ave Market,Minor,
3505 23RD AVE S,Blue tree music education,Minor,
3916 LAKE ST E,East Lake Liquor Store,Minor,
1819 31ST ST E,,Minor,
404 WEST BROADWAY,Vietnam Hong Kong International,Minor,
4440 HUMBOLDT AVE N,Webber Park Library,Minor,
3240 10TH AVE S,Walgreens,Minor,
4351 CHICAGO AVE,H&R block,Minor,
3613 LAKE ST E,MN School of Barbering,Minor,
310 CLIFTON AVE,Care Counseling,Minor,
621 LAKE ST W #300,NULL,Minor,
313 LAKE ST W,NULL,Minor,
3118 LAKE ST E,McDonalds,Minor,
3238 WASHBURN AVE N,Absolute mail services,Minor,
2000 3RD AVE S,BP fuel station,Minor,
4255 NICOLLET AVE,Revival,Minor,
2426 2ND ST NE,Murados liquor,Minor,
4626 NICOLLET AVE,Dollar Tree,Minor,
16 26TH ST W,Storm king bbq,Minor,
3028 LAKE ST E,Saigón garage,Minor,
2410 HENNEPIN AVE,2nd swing tour van fitting,Minor,
700 NICOLLET MALL,Daytons,Minor,
27 7TH ST S,Team liquor wine and spirits,Minor,
27 7TH ST S,Foot Locker,Minor,
2910 LAKE ST E,Himalayan,Minor,
501 WASHINGTON AVE N,Caribou,Minor,
2600 BLOOMINGTON AVE,Mecca Halal Meat and Grocery,Minor,
1518 LAKE ST E,Lake St Chiropractic,Minor,
2912 HENNEPIN AVE,Fjall raven,Minor,
301 LAKE ST E,International Bazaar,Minor,
2515 UNIVERSITY AVE SE,Fairview Childrenâ€™s Clinic and Pharmacy,Minor,
1822 LAKE ST E,Sunshine child day care,Minor,
2727 LYNDALE AVE S,Buffalo Exchange,Minor,
901 HENNEPIN AVE,The Meridian,Minor,
3245 HIAWATHA AVE,Public Storage,Minor,
80 8TH ST S,IDS Center,Minor,
3748 CEDAR AVE S,,Minor,
3722 LAKE ST E,D and Z Auto Sales,Minor,
818 LOWRY AVE N,Star Foods,Minor,
3753 CEDAR AVE S,Jackelope tattoo,Minor,
1226 LINDEN AVE,Theatrical Costume Co,Minor,
201 WASHINGTON AVE N,Red Rabbit,Minor,
5000 HIAWATHA AVE,Caps Grill,Minor,
2012 NICOLLET AVE,Liquor Store,Minor,
1711 LAKE ST E,Power plus store #2,Minor,
4501 NICOLLET AVE,?,Minor,
2939 12TH AVE S,Society of St. Vincent thrift store,Minor,
2006 PORTLAND AVE,Midwest market,Minor,
805 HENNEPIN AVE,State Theatre,Minor,
519 LAKE ST E,Auto sales,Minor,
1801 NICOLLET AVE,African Market,Minor,
3463 MINNEHAHA AVE,Universal Chiropractic,Minor,
2616 27TH AVE S,La perla,Minor,
4400 LAKE ST E,Dairy Queen,Minor,
407 LAKE ST W,NULL,Minor,
1519 como Ave se,None posted,Minor,
2620 NICOLLET AVE,Luâ€™s sandwich,Minor,
3021 4TH AVE S,NULL,Minor,
814 FRANKLIN AVE E,,Minor,
4554 MINNEHAHA AVE,Minnehaha Falls Family Dental,Minor,
4240 NICOLLET AVE,Four gates,Minor,
4443 HIAWATHA AVE,Na,Minor,
3004 36TH AVE S,Prairie Woodworking,Minor,
3731 CHICAGO AVE,Sincere Detailing Pros,Minor,
4000 27TH ST E,Yo sports wear,Minor,
500 LAKE ST E,A&j fish chicken,Minor,
2325 LYNDALE AVE S,Giant Wash Coin Laundry,Minor,
3725 CHICAGO AVE,Giant express laundromat,Minor,
4522 LAKE ST E,Electra Tune auto garage,Minor,
304 LAKE ST E,CSL Plasma,Minor,
2744 NICOLLET AVE,Colonial market,Minor,
901 NICOLLET MALL,,Minor,
4006 NAWADAHA BLVD,Target Field,Minor,
800 WEST BROADWAY,Jackson Hewitt Tax,Minor,
43 and Nicollet,,Minor,
4534 NICOLLET AVE,Road runner records,Minor,
1840 38TH ST E,,Minor,
1040 NICOLLET MALL,Chipotle,Minor,
434 LAKESIDE AVE,US Storage Center,Minor,
1112 LOWRY AVE N,E and L,Minor,
2203 44TH AVE N,Tori 44 Ramen,Minor,
2917 12TH AVE S,NULL,Minor,
800 FRANKLIN AVE E,Two amigos bazar,Minor,
3008 HENNEPIN AVE,North Face,Minor,
4200 54TH ST E,Off-leash Art Box,Minor,
3040 EXCELSIOR BLVD,Caribou Coffee,Minor,
501 HURON BLVD SE,Doubletree,Minor,
1015 LAKE ST W,Verizon,Minor,
2628 NICOLLET AVE,City child care,Minor,
35 7TH ST S,Raddison Blu,Minor,
717 MARQUETTE AVE,Metro transit,Minor,
2910 PILLSBURY AVE,Plaza de karmel,Minor,
3004 36TH AVE S,Savory Bake House,Minor,
3745 BLOOMINGTON AVE,Pet food shelf,Minor,
3740 CHICAGO AVE,Black eye roasting co.,Minor,
"3747 42nd Ave S, Minneapolis, MN 55406",Riverview Wine Bar,Minor,
4109 LAKE ST E,Leviticus Tattoo,Minor,
90 9TH ST S,The Metro Apartments,Minor,
2100 LAKE ST E,Aldi,Minor,
1433 LAKE ST W,AT&T Store,Minor,
650 3RD AVE S,Star Tribune,Minor,
2953 BLOOMINGTON AVE,Office and Glorias Salon,Minor,
1922 HENNEPIN AVE,Lowry Hill Liquor,Minor,
3001 HENNEPIN AVE,Calhoun Square,Minor,
1500 WEST BROADWAY,none,Minor,
1827 NICOLLET AVE,Halal Meats,Minor,
5032 11TH AVE S,N/a,Minor,
1617 LAKE ST E,La Poblanita,Minor,
,Mercy,Minor,
811 LASALLE AVE,,Minor,
4323 CHICAGO AVE,Walgreens,Minor,
3018 LYNDALE AVE N,ZRS Fossils and Gifts,Minor,
2528 NICOLLET AVE,Icehouse,Minor,
711 LAKE ST W,Volsteadâ€™s Emporium,Minor,
525 5TH ST N,The Fillmore,Minor,
108 3RD ST N,,Minor,
811 38TH ST E,,Minor,
1201 HARMON PL,VA Community Resource & Referral Center,Minor,
5554 34TH AVE S,Grand sunrise,Minor,
68 12TH ST N,Firestone,Minor,
1831 NICOLLET AVE,"Tobacco e-cigs, hookah, accessory",Minor,
1604 WEST BROADWAY,Amstar,Minor,
4946 34TH AVE S,Nokomis Shoe Store,Minor,
2633 NICOLLET AVE,Western union and Dai Loi market,Minor,
80 8TH ST S #102,Nordstrom Rack,Minor,
114 9TH ST S,Keys at the Foshay,Minor,
320 3RD ST S,,Minor,
3328 LAKE ST E,All Area Management,Minor,
3759 CHICAGO AVE,Cup Foods,Minor,
1635 HENNEPIN AVE,Hifi records,Minor,
4320 LAKE ST E,Speedway store,Minor,
800 HENNEPIN AVE,,Minor,
4001 HIAWATHA AVE,IAC international,Minor,
510 LAKE ST W,Auto repair,Minor,
,Cambria,Minor,
3510 TAYLOR ST NE,,Minor,
2650 HENNEPIN AVE,Walgreens pharmacy,Minor,
1500 LAKE ST E,In the Heart if the Beast Theater,Minor,
,Mission American Kitchen & Bar,Minor,
2743 NICOLLET AVE,BambÃº,Minor,
2900 11TH AVE S #1005,NULL,Minor,
1610 HARMON PL,4 Bells,Minor,
3746 CEDAR AVE S,Metal Detectors,Minor,
1015 LAKE ST W,Tan / Verizon Wireless,Minor,
4458 34TH AVE S,NA,Minor,
3800 BLOOMINGTON AVE,Arco,Minor,
,Hampton Inn and Suites,Minor,
3453 NICOLLET AVE,Speedway,Minor,
2941 BLOOMINGTON AVE,Halo kismayo,Minor,
601 NICOLLET MALL,North Memorial Health Clinic,Minor,
500 LAKE ST E,A&j fish chicken,Minor,
Bad wait,Bad waitress,Minor,
3516 LAKE ST E,Building with no sign.  Perhaps vacant.,Minor,
3001 UNIVERSITY AVE NE,Speedway,Minor,
3131 SNELLING AVE,Bokers Inc,Minor,
113 GRANT ST W,Lotus Vietnamese restaurant,Minor,
309 LAKE ST W,Yasmin Djibouti,Minor,
4205 34TH ST E,Turtle Bread,Minor,
2712 NICOLLET AVE,Shuang Hur market,Minor,
,Rustica Bakery,Minor,
3016 LYNDALE AVE S,Szechuan Spice Restaurant,Minor,
4501 34TH AVE S,Twisted groove,Minor,
401 LAKE ST E,NULL,Minor,
913 LAKE ST W,Morrissieâ€™s Irish Pub,Minor,
,Butcher & The Boar,Minor,
3120 PENN AVE N,Aldi,Minor,
310 4TH AVE S,Walgreens,Minor,
211 west lake st,Lake st Beauty Supply,Minor,
2929 LYNDALE AVE S,Bloody Gorgeous,Minor,
1001 LAKE ST W,MattressFIRM (2nd entered to capture windows),Minor,
1804 NICOLLET AVE,AM Food Market & Tobacco,Minor,
4010 LAKE ST E,Two Bettys,Minor,
3252A,Calhoun Vision,Minor,
1256 Plymouth - Penn and Plymouth,Thor Headquarters,Minor,
1501 LOWRY AVE N,Foreign Lengths MN / Hair Salon,Minor,
,Daytonâ€™s,Minor,
201 3RD AVE S,,Minor,
1024 MARQUETTE AVE,WCCO Television,Minor,
4023 LAKE ST E,Anderson Realty,Minor,
4508 LAKE ST E,Vacant building for lease.,Minor,
700 WEST BROADWAY,"Merwin Liquors, Un Bank",Minor,
2719 27TH ST E,NULL,Minor,
,Nokomis Market,Minor,
901 WASHINGTON AVE SE,Value Liquors,Minor,
10 26TH ST E,Bad waitress,Minor,
3032 HENNEPIN AVE,Magers & Quinn Booksellers,Minor,
3736 CHICAGO AVE,Cover design,Minor,
2715 26TH ST E,Annex,Minor,
4408 NICOLLET AVE,Polished Nails and Spa,Minor,
2955 PORTLAND AVE,Valvoline,Minor,
4014 15TH AVE S,Family dollar,Minor,
801 HENNEPIN AVE,Capital Grille,Minor,
3400 BLOOMINGTON AVE,Glad creations,Minor,
615 2ND AVE S,Grand Hotel,Minor,
4458 34TH AVE S,,Minor,
520 LAKE ST E,Dukes auto repair,Minor,
1837 38TH ST E,La Loma,Minor,
2905 GARFIELD AVE,Uptown Hub Nutrition club,Minor,
1410 LAKE ST E,El Porto,Minor,
1507 LOWRY AVE N,Jackson's Deli,Minor,
3326 CHICAGO AVE,Detached garage,Minor,
3016 MINNEHAHA AVE,The Hub Bicycle,Minor,
1108 WEST BROADWAY,Les Jolies Petites Dance,Minor,
810 27TH ST E,,Minor,
2747 BLOOMINGTON AVE,Moe value food and deli,Minor,
1542 LAKE ST E,Cadillac pawn,Minor,
705 LAKE ST W,Thurstonâ€™s Jewelry,Minor,
420 5TH ST N,Go 96.3 Modern Music,Minor,
250 LAKESIDE AVE,Jackieâ€™s living with style,Minor,
1111 HENNEPIN AVE,MPP,Minor,
1560 NEW BRIGHTON BLVD,Famous footwear,Minor,
1831 NICOLLET AVE,Flavor Bees,Minor,
3244 LAKE ST W,Chuck & Donâ€™s Pet food and supplies,Minor,
419 LAKE ST E,NULL,Minor,
3201 3RD ST N,,Minor,
1834 38TH ST E,Yellow Tree,Minor,
3252 LAKE ST W #A,Mood yoga / Seed cafe,Minor,
626 LAKE ST W,Itâ€™s Greek To Me,Minor,
913 LAKE ST W,Anthonyâ€™s Tobacco,Minor,
811 11TH AVE S,Candyland,Minor,
212 3RD AVE S,,Minor,
3242 LAKE ST W,Sprint,Minor,
24 3RD ST N,,Minor,
2309 HENNEPIN AVE,Autopia/Pizza Hut,Minor,
4137 BLOOMINGTON AVE,El colegio charter school,Minor,